{
    "ego": [
        0.0,
        1.0064872977353163,
        2.0300467047619435,
        3.077026925459294,
        4.1515631000376585,
        5.25541522676268,
        6.388116806039553,
        7.5473560395087915,
        8.729489087512409,
        9.930079899857299,
        11.144391022829625,
        12.36780980023699,
        13.596168978519154,
        14.825986181063776,
        16.054627772005635,
        17.280393754926926,
        18.502498553021596,
        19.720973794429227,
        20.936480677267856,
        22.150054378872774,
        23.36284033234628,
        24.57583354459266,
        25.78973171743802,
        27.004920027140706,
        28.221503851071148,
        29.439449024151678,
        30.658724821847343,
        31.87943280148478,
        33.10186833815098,
        34.32648994995826,
        35.55384686309493,
        36.78448474589929,
        38.0188707213834,
        39.25736087828656,
        40.50022966070116,
        41.74771875988028,
        43.00008045443342,
        44.25758709720129,
        45.52050042238468,
        46.78899337482821,
        48.06306059308389,
        49.34246653338163,
        50.6267178762058,
        51.915104000211755,
        53.20676957088132,
        54.50077558506485,
        55.79611236083055,
        57.09164897718611,
        58.38602021725326,
        59.67746851260078,
        60.9637203856527,
        62.24196831103474,
        63.508992619097306,
        64.76146741328766,
        65.9963868491725,
        67.2115425451013,
        68.40595238508317,
        69.58014907412877,
        70.73621154202344,
        71.87756883504268,
        73.00858971528697,
        74.13404927184045,
        75.25857967764716,
        76.38621914260587,
        77.52012042766121,
        78.66244764482188,
        79.81442549648776,
        80.97651560321374,
        82.14862406822374,
        83.33032085189592,
        84.52102176392268,
        85.72015408851257,
        86.92727197451848,
        88.14213942965624,
        89.36476952115942,
        90.59540083118759,
        91.83438457062223,
        93.08195486382478,
        94.33790555852823,
        95.60117029929536
    ],
    "vehicle1": [
        32.37753677368164,
        33.38255922766696,
        34.40316605900999,
        35.44567163981476,
        36.51417677801617,
        37.61047961885252,
        38.73413273621534,
        39.882881552204104,
        41.05310130064717,
        42.24043985469128,
        43.44021316638431,
        44.647888688176444,
        45.859360201663684,
        47.07123306827081,
        48.28094613138063,
        49.486902391401536,
        50.68842308305089,
        51.885665719478055,
        53.079421198508086,
        54.27086202657785,
        55.46129766877206,
        56.651890978674686,
        57.84352657827786,
        59.03678419340047,
        60.23197519506529,
        61.429261875103826,
        62.62883666877117,
        63.831012849092204,
        65.03632802443028,
        66.24548485352271,
        67.45929005462325,
        68.67854297343835,
        69.90396441034824,
        71.13616985350629,
        72.37569505376757,
        73.62302965770743,
        74.87867580660628,
        76.1431328277921,
        77.41689133730168,
        78.70033981037508,
        79.9936960453544,
        81.29691904803008,
        82.60970623374975,
        83.93148431027035,
        85.26151810603757,
        86.59894300449844,
        87.94280654418016,
        89.292000692274,
        90.64516404659896,
        92.00048563296211,
        93.35561949453941,
        94.70763603564411,
        96.05315536934145,
        97.38862653194,
        98.71078809428968,
        100.01713412835325,
        101.30633156599137,
        102.57852782779088,
        103.83536696804883,
        105.07980882527706,
        106.31573388032604,
        107.54740223814905,
        108.77887005240302,
        110.01358044021329,
        111.25404910808113,
        112.50179166948008,
        113.75738432827487,
        115.02062494769616,
        116.29077494712999,
        117.56674434432756,
        118.84731952393244,
        120.13132123328796,
        121.41771234317082,
        122.70570754489061,
        123.99477058927465,
        125.28465559192978,
        126.57527888824919,
        127.86648931817048,
        129.15774122137003,
        130.44770884299652
    ],
    "vehicle0": [
        70.14144897460938,
        71.1149543997861,
        72.07261872624632,
        73.0209966520218,
        73.96445982855329,
        74.90518787080565,
        75.84309574891064,
        76.77642098091505,
        77.70215296690694,
        78.61654993159559,
        79.5156983958765,
        80.39580967816667,
        81.2537464931676,
        82.08701828555596,
        82.89410531106813,
        83.67447487064959,
        84.42860786698644,
        85.15778714892141,
        85.8640319467991,
        86.54975072897042,
        87.21759573395761,
        87.87004970059851,
        88.50932858023099,
        89.13737013090048,
        89.7558437558563,
        90.36630220408333,
        90.97029022101727,
        91.56946957516642,
        92.16568822340489,
        92.76097252442115,
        93.35735562163985,
        93.95684802714929,
        94.56134737543613,
        95.1726173785307,
        95.7922294775957,
        96.42169947277091,
        97.0624507547264,
        97.71588864139073,
        98.38330102052922,
        99.06581832600008,
        99.7642973179374,
        100.47928446551055,
        101.21099979759252,
        101.959354488493,
        102.72401581721921,
        103.50444532383437,
        104.2999690197661,
        105.10971538343611,
        105.93251756222396,
        106.76666757876289,
        107.60995680533043,
        108.45944801684529,
        109.31183380562075,
        110.16355557857086,
        111.01135953594007,
        111.85266727044309,
        112.686122825757,
        113.51176681094518,
        114.33120513333203,
        115.14733278157588,
        115.96394631318736,
        116.78518757750452,
        117.61500591666083,
        118.45677959792813,
        119.31295566325691,
        120.18493528520274,
        121.07319167080416,
        121.97740442767663,
        122.89667857261827,
        123.82977535018694,
        124.77529803955744,
        125.73183469153992,
        126.69811929507512,
        127.67308806857226,
        128.6559644369309,
        129.6461248607286,
        130.64308513214567,
        131.64632025078765,
        132.65483060735636,
        133.66678690696136
    ]
}