{"vehicle0": [20.599586486816406, 20.904319763183594, 21.189498901367188, 21.459745407104492, 21.724998474121094, 22.000877380371094, 22.30571174621582, 22.654876708984375, 23.054807662963867, 23.499879837036133, 23.97376251220703, 24.454586029052734, 24.921367645263672, 25.359020233154297, 25.760345458984375, 26.12523078918457, 26.45824432373047, 26.765966415405273, 27.054977416992188, 27.33072853088379, 27.59695053100586, 27.8554630279541, 28.106428146362305, 28.349098205566406, 28.58299446105957, 28.808948516845703, 29.029369354248047, 29.247406005859375, 29.46535301208496, 29.683147430419922, 29.898000717163086, 30.105592727661133, 30.302000045776367, 30.4854736328125, 30.657407760620117, 30.822559356689453, 30.98908042907715, 31.16823959350586, 31.373437881469727, 31.617816925048828, 31.91042709350586, 32.25225067138672, 32.634117126464844, 33.03805160522461, 33.44208526611328, 33.82659912109375, 34.179466247558594, 34.49808883666992, 34.78810119628906, 35.059661865234375, 35.322914123535156, 35.584171295166016, 35.844146728515625, 36.09880447387695, 36.342166900634766, 36.56954574584961, 36.77943801879883, 36.97370910644531, 37.1565055847168, 37.333152770996094, 37.50945281982422, 37.691410064697266, 37.88484191894531, 38.09491729736328, 38.325782775878906, 38.58037567138672, 38.860450744628906, 39.166656494140625, 39.49868392944336, 39.855552673339844, 40.2362174987793, 40.640377044677734, 41.06888961791992, 41.52330017089844, 42.004295349121094, 42.50996017456055, 43.035186767578125, 43.57337951660156, 44.119869232177734, 44.675132751464844, 45.24570846557617, 45.84174346923828, 46.47214126586914, 47.139183044433594, 47.83476638793945, 48.53955841064453, 49.22527313232422, 49.85918426513672, 50.4097785949707, 50.85226058959961], "vehicle4": [77.90254211425781, 78.05035400390625, 78.03874206542969, 77.8991928100586, 77.6678466796875, 77.37793731689453, 77.05524444580078, 76.71705627441406, 76.37351989746094, 76.02979278564453, 75.68807220458984, 75.34893798828125, 75.01213073730469, 74.67701721191406, 74.34278869628906, 74.00859069824219, 73.67374420166016, 73.3377685546875, 73.00049591064453, 72.66206359863281, 72.32283782958984, 71.98338317871094, 71.64434051513672, 71.3062973022461, 70.9697494506836, 70.63504028320312, 70.30236053466797, 69.9717788696289, 69.643310546875, 69.31692504882812, 68.99256134033203, 68.67012786865234, 68.34942626953125, 68.03010559082031, 67.71165466308594, 67.39335632324219, 67.07444763183594, 66.75413513183594, 66.43182373046875, 66.10721588134766, 65.78046417236328, 65.45219421386719, 65.12345123291016, 64.79562377929688, 64.4702377319336, 64.14878845214844, 63.83254623413086, 63.522430419921875, 63.21890640258789, 62.92197799682617, 62.63116455078125, 62.34558868408203, 62.06401062011719, 61.78493118286133, 61.506710052490234, 61.22768783569336, 60.9463005065918, 60.66122817993164, 60.37148666381836, 60.07652282714844, 59.77617645263672, 59.47066879272461, 59.160491943359375, 58.84629821777344, 58.52875900268555, 58.20850372314453, 57.885948181152344, 57.56120300292969, 57.23404312133789, 56.9036979675293, 56.56903076171875, 56.228904724121094, 55.88315200805664, 55.533634185791016, 55.185089111328125, 54.844608306884766, 54.51951217651367, 54.21385955810547, 53.925270080566406, 53.643795013427734, 53.354339599609375, 53.042457580566406, 52.70105743408203, 52.33525848388672, 51.96329116821289, 51.61433410644531, 51.325077056884766, 51.136287689208984, 51.08837890625, 51.21507263183594]}