{"vehicle1": [33.1781005859375, 38.46702411348143, 44.42183395495853, 50.78880516239763, 56.899144806223234, 62.01371736521613, 67.08784535247482, 72.99949450145743, 79.21605856366494, 85.42119527805801, 92.00308043203941, 98.48182338311399, 104.37576004914928, 110.94683332597423, 120.36922733032893, 135.47324278065048, 151.8271163386708, 158.7379169536859, 164.0275540538835, 168.27542336574282, 172.58531528652628, 177.21976207874076, 181.81310743658585, 186.67387414775777, 191.83539688035108, 196.5431692594442, 200.44196791079958], "vehicle8": [77.925537109375, 83.18095233613768, 89.06992813220462, 95.39774147221209, 101.4037872927955, 104.54478044505012, 104.71505596954024, 107.60185999523185, 116.3504904026542, 124.83551527012344, 131.1893063231527, 137.76806109978878, 143.60874840669322, 149.26260633622815, 155.12118045532893, 161.19555952259384, 167.46956476396377, 173.6867809368402, 178.9764180370378, 183.22428734889712, 187.53417926968058, 192.16862606189505, 196.76197141974015, 201.62273813091207, 206.78426086350538, 211.4920332425985, 215.39083189395387], "vehicle0": [71.13880920410156, 75.76903563697184, 80.84756595651184, 84.6728659648647, 86.51219290445495, 87.14255052019578, 88.01293727307585, 89.78379920644278, 92.68060615699014, 96.2594035836247, 99.55881951793094, 102.79225748630249, 107.058275313459, 112.9886704805716, 117.98661593487404, 140.47324278065048, 156.8271163386708, 163.7379169536859, 169.0275540538835, 173.27542336574282, 177.58531528652628, 182.21976207874076, 186.81310743658585, 191.67387414775777, 196.83539688035108, 201.5431692594442, 205.44196791079958]}