{"vehicle1": [33.1781005859375, 36.26980646647492, 39.61020085144971, 43.1886133776405, 46.937275393314074, 50.78880516239763, 54.56127468361551, 57.99637721524695, 61.043971655026226, 63.96524823117228, 67.08784535247482, 70.54804843932172, 74.24585186251448, 77.98254157734286, 81.67419369102514, 85.42119527805801, 89.33110765011459, 93.33789268847615, 97.23744329143324, 100.88109054141393, 104.37576004914928, 108.10402309768399, 112.52381422939791, 118.12146617660295, 125.62230218692082, 135.47324278065048, 146.14509549993448, 153.78993730554868, 157.53756334345823, 161.01127374544245, 164.0275540538835, 166.63412968231611, 169.10153638931789, 171.6845367085201, 174.42838462233337, 177.21976207874076, 179.97460029178228, 182.74746885028486, 185.66181117998022, 188.7397856189387, 191.83539688035108, 194.75343794422156, 197.387755163957, 199.72511585780086], "vehicle8": [77.925537109375, 81.0025640348343, 84.31365391541455, 87.8556170092323, 91.52170608789416, 95.39774147221209, 99.20676723732645, 102.33061717496375, 104.22722589696959, 104.77468121457072, 104.71505596954024, 105.66907352477094, 108.99741779574202, 114.38725997639071, 120.11198551536596, 124.83551527012344, 128.68441346676497, 132.4864675175777, 136.47606977153578, 140.18030776553502, 143.60874840669322, 146.9863778340121, 150.414584187894, 153.93047954330217, 157.52743066592473, 161.19555952259384, 164.93806424993448, 168.73880128870297, 172.48642732661253, 175.96013772859675, 178.9764180370378, 181.5829936654704, 184.05040037247218, 186.6334006916744, 189.37724860548767, 192.16862606189505, 194.92346427493658, 197.69633283343916, 200.61067516313452, 203.688649602093, 206.78426086350538, 209.70230192737586, 212.3366191471113, 214.67397984095516], "vehicle0": [71.13880920410156, 73.77843952920381, 76.80443572804585, 79.88365934895043, 82.60136964943015, 84.6728659648647, 85.99914862213771, 86.68555984208727, 87.03633962021381, 87.40475477493251, 88.01293727307585, 88.94893905060447, 90.27109845687262, 92.01551327520848, 94.09257270707812, 96.2594035836247, 98.29245192215691, 100.18099013023358, 102.10285348820655, 104.30404478979351, 107.058275313459, 110.49303264835288, 114.20335761714203, 117.25655656287319, 118.9978655557768, 140.47324278065048, 151.14509549993448, 158.78993730554868, 162.53756334345823, 166.01127374544245, 169.0275540538835, 171.63412968231611, 174.10153638931789, 176.6845367085201, 179.42838462233337, 182.21976207874076, 184.97460029178228, 187.74746885028486, 190.66181117998022, 193.7397856189387, 196.83539688035108, 199.75343794422156, 202.387755163957, 204.72511585780086]}